"","Estimate","Std. Error","t value","Pr(>|t|)","strength","reg"
"GATA1",0.774394456928715,0.135050827857112,5.73409633407097,1.13325611478646e-07,0.774394456928715,"1"
