"","Estimate","Std. Error","t value","Pr(>|t|)","strength","reg"
"STAT4",0.893679550696964,0.0558570318334035,15.9994099464936,3.32015836750525e-29,0.893679550696964,"1"
