"","Estimate","Std. Error","t value","Pr(>|t|)","strength","reg"
"GATA1",0.717382373365137,0.279192060669514,2.56949417417108,0.0117073939542257,0.717382373365137,"1"
