"","Estimate","Std. Error","t value","Pr(>|t|)","strength","reg"
"GATA2",-0.555382224111683,0.252921837514076,-2.19586505289712,0.0305360632792299,0.555382224111683,"2"
