"","Estimate","Std. Error","t value","Pr(>|t|)","strength","reg"
"GATA1",1.0237647003163,0.0584800551427838,17.5062198183072,2.43933169975094e-31,1.0237647003163,"1"
