"","Estimate","Std. Error","t value","Pr(>|t|)","strength","reg"
"PAX5",-16.776756169544,4.45258154597762,-3.76787173829523,0.000284110096198597,16.776756169544,"2"
