"","Estimate","Std. Error","t value","Pr(>|t|)","strength","reg"
"STAT4",0.963006051872767,0.156551215903975,6.15138021325527,1.71815827849673e-08,0.963006051872767,"1"
