"","Estimate","Std. Error","t value","Pr(>|t|)","strength","reg"
"GATA1",0.785790286515443,0.337348877000906,2.32931051527802,0.0211768357483408,0.785790286515443,"1"
