"","Estimate","Std. Error","t value","Pr(>|t|)","strength","reg"
"NR3C1",0.359489907551839,0.129807694370478,2.76940368824237,0.00632062091243913,0.359489907551839,"1"
