"","Estimate","Std. Error","t value","Pr(>|t|)","strength","reg"
"GATA1",1.02093192821233,0.0576301749782829,17.7152321435265,2.12002689189829e-38,1.02093192821233,"1"
