"","Estimate","Std. Error","t value","Pr(>|t|)","strength","reg"
"GATA1",0.974111460024504,0.105506728366749,9.2326951570181,1.15395785140453e-15,0.974111460024504,"1"
