"","Estimate","Std. Error","t value","Pr(>|t|)","strength","reg"
"STAT4",1.05139445350597,0.15747601075426,6.67653726094612,7.4930343205914e-10,1.05139445350597,"1"
