"","Estimate","Std. Error","t value","Pr(>|t|)","strength","reg"
"GATA1",0.851225774812499,0.413372748927824,2.05922082919193,0.0422993317148676,0.851225774812499,"1"
