"","Estimate","Std. Error","t value","Pr(>|t|)","strength","reg"
"GATA1",0.919476264487127,0.279787198120141,3.28634144330043,0.00143261143437365,0.919476264487127,"1"
