"","Estimate","Std. Error","t value","Pr(>|t|)","strength","reg"
"ETS1",0.562877652571831,0.125449720027042,4.48687850758453,2.10787128808062e-05,0.562877652571831,"1"
