"","Estimate","Std. Error","t value","Pr(>|t|)","strength","reg"
"GATA1",1.04255601439909,0.0357289086366222,29.1796210458685,1.16135301228599e-47,1.04255601439909,"1"
